{"cameraMode":{"drawMode":0,"name":"Shaded","section":"Shading Mode"},"sceneLighting":false,"audioPlay":false,"sceneViewState":{"m_AlwaysRefresh":false,"showFog":true,"showSkybox":false,"showFlares":true,"showImageEffects":true,"showParticleSystems":true,"showVisualEffectGraphs":true,"m_FxEnabled":true},"in2DMode":false,"pivot":{"x":49.999908447265628,"y":0.016262825578451158,"z":49.99904251098633},"rotation":{"x":-0.08764681220054627,"y":0.7749637365341187,"z":-0.1102449893951416,"w":-0.6161150336265564},"size":70.71236419677735,"orthographic":false}